,appid,meanPlayers2017,meanPlayers2018,meanPlayers2019,meanPlayers2020
0,578080,1443309,841204,366385,238828
1,570,528727,450816,475222,442868
2,730,347535,317709,396300,660862
3,622590,0,2811,580,587
4,359550,60281,67572,71262,90971
5,271590,96765,53811,68357,115017
6,238960,36946,25700,24548,31492
7,230410,53251,54167,49145,46090
8,440,53575,44092,47716,64964
9,252950,36765,32437,33319,44540
10,252490,34411,31743,46208,56083
11,624090,35120,30730,7045,3928
12,346110,55543,38524,36701,62857
13,4000,30263,27052,25236,30193
14,8930,29601,24489,20892,22434
15,218620,36163,22326,12589,26018
16,227300,23159,15935,16605,20739
17,107410,19125,15795,13358,14983
18,365590,13799,5757,2036,817
19,433850,19979,5685,1064,766
20,377160,20408,18821,12590,14563
21,289070,20861,20372,26623,37195
22,444090,18265,16529,12338,13094
23,105600,21043,17903,21562,53892
24,482730,14244,8562,3298,2443
25,72850,14716,11493,8433,8142
26,304930,18873,13391,14494,21480
27,476620,9822,3474,1008,695
28,10,14084,11520,9610,12603
29,504370,9667,3529,663,617
30,292030,13092,12442,14140,25623
31,381210,14248,17784,20278,32364
32,236850,11973,11616,11358,16494
33,489830,11508,10865,11854,16789
34,306130,10479,11857,13765,20499
35,236390,12418,12152,12476,19488
36,435150,10902,8191,7628,11794
37,394360,11612,13350,15569,20393
38,251570,10583,8179,10548,17784
39,281990,9855,11508,10118,14648
40,550,13647,9683,9389,12916
41,594570,11332,12839,16378,25425
42,221380,10313,8399,8714,8235
43,363970,9302,4819,2466,2914
44,582660,12118,12996,12016,18279
45,255710,8603,9299,10655,14287
46,214950,7029,5808,5187,6206
47,601510,9384,7435,6490,7167
48,386360,7772,7740,8112,13632
49,294100,8037,8350,10547,16335
50,413150,10148,13055,13073,22360
51,582160,7685,3518,1444,2351
52,322330,9337,7631,9181,15181
53,577800,7548,6756,1447,507
54,444200,7766,7905,9904,14099
55,447020,6467,5871,1779,1280
56,480,6337,7291,6843,8912
57,550650,7190,6673,3191,2899
58,427520,8437,7315,7787,8913
59,49520,7950,7295,12823,4584
60,291550,6403,6935,7877,14233
61,48700,7042,6736,6855,7033
62,374320,10134,8777,7489,11568
63,431960,6938,7763,11465,25982
64,268500,5696,4888,4285,5087
65,311290,2100,244,251,205
66,240,5284,4266,3677,4397
67,39210,5394,6298,11864,14606
68,203770,5433,5706,6593,7324
69,356190,4445,2790,2195,2379
70,253920,167,69,58,84
71,378120,4440,3064,1595,1323
72,242760,5662,6047,4891,6913
73,250900,5753,5467,4708,5882
74,227940,5305,3452,2832,2901
75,485510,2866,1271,853,1205
76,219990,4038,3260,4991,5351
77,698780,4061,1109,421,679
78,259360,51,55,73,67
79,259340,12,56,47,53
80,231430,6933,4526,4761,5387
81,291480,4124,3248,2161,2324
82,359320,5957,4521,4245,6436
83,386180,3095,3132,2851,3596
84,364360,3797,2573,1601,1365
85,22380,3563,3698,2900,3359
86,244850,4101,3233,5414,7038
87,325610,3283,2495,2067,2372
88,304050,3683,3313,2280,2601
89,298610,1468,198,110,152
90,264710,3053,5120,2780,3202
91,322170,3767,2706,2858,4557
92,211820,4016,2971,2688,2553
93,242920,1944,1339,1223,1178
94,627690,3744,4323,4870,4487
95,453480,4326,4162,3710,3585
96,460930,4808,4068,2526,1288
97,373420,2592,1351,916,971
98,8500,2978,2854,3074,4358
99,220200,3578,3335,3622,4269
100,10500,2906,2591,2421,2808
101,4700,3102,2845,2914,3646
102,221100,2518,2741,8264,15621
103,301520,2504,1621,649,678
104,239140,3801,4736,5251,7233
105,232090,10690,6013,6259,5327
106,457140,3861,3612,5880,6572
107,55100,677,71,27,24
108,391220,2231,2206,1787,1983
109,552990,3214,2978,4735,9537
110,466240,2116,1590,1123,2329
111,47890,3708,3636,4069,4384
112,314160,2783,2516,2209,2622
113,305620,3104,1691,1693,1902
114,295270,2325,1745,1105,1055
115,268910,3331,880,662,948
116,628890,1315,470,648,633
117,109600,2375,2577,1738,2005
118,612880,2016,578,416,434
119,738060,813,165,89,137
120,270880,3162,3015,3518,4638
121,592580,2461,1740,300,147
122,475150,1945,1115,1069,1133
123,620,4861,2178,2183,3028
124,555570,2670,1410,646,575
125,440900,2922,6923,6988,9919
126,268850,3131,2661,1556,1569
127,34330,2610,2391,2135,4588
128,610080,3034,2234,1758,1210
129,225540,2759,2391,1800,1692
130,619890,118,1,0,0
131,240720,2121,354,195,461
132,105450,2246,1650,1805,2536
133,219740,2400,2115,2332,2677
134,311210,2416,1876,1527,2998
135,493340,3465,2031,1969,2265
136,346010,1103,512,393,851
137,333930,2022,923,318,299
138,438040,2011,2073,995,1736
139,595460,213,9,1,1
140,383120,2170,1978,1755,2236
141,262060,2751,3143,2686,3812
142,284160,1885,1656,2107,3260
143,244210,2073,1777,2005,3322
144,389730,2330,2246,2510,3137
145,518790,2244,1253,1722,3571
146,446800,1825,1579,1604,635
147,222880,2747,2795,1407,1117
148,588430,1973,1744,886,1186
149,346900,2324,1564,1206,1332
150,379720,1830,1466,1399,2410
151,323370,1728,1435,785,726
152,218230,1636,1755,1390,2521
153,513650,1279,1113,618,593
154,674940,2289,867,632,771
155,335300,2093,1683,1528,2360
156,287700,2173,1915,1576,2091
157,392110,1688,1418,1392,966
158,286160,1758,1684,1893,6302
159,411300,1485,566,360,278
160,385760,1663,967,293,219
161,241930,1563,951,557,551
162,393380,1646,2061,2583,3122
163,477160,4374,2205,3397,7510
164,33930,1337,934,592,548
165,202990,1373,983,704,590
166,211420,1735,1079,444,419
167,515220,1151,960,212,159
168,228200,1527,1270,1164,1423
169,200210,1637,1214,848,1700
170,212740,1181,1026,839,833
171,454650,2257,1079,890,725
172,304390,2059,6914,4272,3780
173,273110,1339,979,609,643
174,473500,127,6,0,0
175,42690,1180,735,499,403
176,295110,1490,556,6,3
177,24010,1414,1130,1081,1265
178,10190,1311,1028,797,634
179,645630,1547,1365,1603,1681
180,476600,1650,465,340,358
181,663390,395,100,145,109
182,34030,1424,1199,1145,1360
183,378860,1199,946,945,1140
184,384300,1467,1059,648,669
185,418460,1084,1251,1322,1147
186,367520,1906,1958,2360,4245
187,231670,1279,1024,718,728
188,244450,1421,1361,1372,1599
189,312660,1652,1487,1281,1273
190,363150,1243,1002,849,763
191,282070,1365,939,818,944
192,380600,1361,1119,1109,1996
193,200510,1354,1092,871,1031
194,536930,1729,1074,699,226
195,233450,2526,1465,1516,1849
196,280790,1361,838,452,475
197,242050,1295,957,800,1258
198,9900,1101,1343,1198,1533
199,316010,1459,1070,375,110
200,389430,1631,1829,1379,1963
201,403640,1272,764,749,835
202,524220,1214,1353,891,1348
203,469600,698,297,171,216
204,506540,1251,220,1,1
205,4760,1265,1158,1190,1390
206,216150,1509,906,888,2101
207,387990,1202,1061,967,4201
208,480490,1205,799,695,565
209,447040,1493,970,1294,1136
210,688470,584,164,161,182
211,506140,1347,1172,890,826
212,402840,1463,1365,1403,1394
213,261640,1225,1084,2011,720
214,364470,1110,1054,762,412
215,663090,1616,953,877,1310
216,266840,1405,1058,1130,1821
217,203160,1498,1493,937,3882
218,291650,1103,1395,804,869
219,372000,2528,1552,1461,2521
220,456610,1063,610,254,189
221,212680,1277,1113,1153,1261
222,337000,957,800,542,650
223,415200,1007,860,719,1136
224,32470,1733,1170,1284,1897
225,397900,779,1216,943,1363
226,569480,937,391,353,360
227,444640,935,645,524,648
228,473690,387,155,84,72
229,433340,1421,1093,1139,1224
230,234140,1048,1088,709,812
231,298110,1255,1194,679,888
232,201810,980,475,441,422
233,290080,949,670,522,527
234,445220,804,536,430,1180
235,335240,989,742,512,870
236,8800,1079,1018,1097,1343
237,208650,1110,1080,966,1019
238,329110,1156,1513,1477,1719
239,326460,1044,952,658,801
240,529180,892,687,319,244
241,438740,1533,663,523,623
242,8980,969,825,473,173
243,521630,101,2,0,0
244,220,1481,769,724,1453
245,393420,917,558,811,799
246,22330,993,949,920,1264
247,20920,863,793,718,1377
248,253710,879,482,602,999
249,3910,995,879,952,1226
250,516750,588,484,532,700
251,252530,767,635,626,747
252,360430,872,736,616,785
253,612020,1080,902,427,240
254,391540,1310,1013,785,996
255,12120,1040,846,875,1145
256,286940,618,318,82,1
257,20900,872,791,846,1706
258,342200,1291,921,575,436
259,431240,813,561,471,909
260,466560,1012,1194,1221,1873
261,6060,1642,459,378,473
262,10090,1010,793,701,901
263,339600,957,815,759,698
264,339610,870,745,693,729
265,333420,820,555,499,639
266,212500,850,774,553,907
267,235540,934,335,75,70
268,269210,452,335,354,477
269,531640,1348,1012,646,462
270,65930,373,71,34,36
271,310950,1618,1468,1333,1795
272,275850,972,5459,4910,7173
273,367500,1123,914,693,910
274,448440,6,14,7,0
275,12210,969,791,678,1281
276,226840,762,610,1071,718
277,601430,664,247,171,227
278,675010,765,736,723,834
279,17390,994,793,675,752
280,1840,902,906,1019,1186
281,646570,1601,9970,6345,7404
282,297000,862,767,860,1305
283,113400,752,688,498,514
284,612510,122,2,2,0
285,263280,687,418,333,412
286,206420,1079,669,453,416
287,236870,1843,1346,574,526
288,624120,753,665,174,107
289,220240,924,846,484,846
290,521890,435,169,104,117
291,438100,2556,6019,6367,9885
292,299740,906,619,567,511
293,65980,860,672,567,565
294,219640,792,556,303,218
295,588650,1657,1739,1586,2197
296,442080,763,531,351,494
297,55230,1085,686,521,540
298,221680,810,719,729,920
299,261430,539,525,354,282
300,208580,1532,586,635,805
301,550900,754,686,389,1006
302,459820,843,735,877,1422
303,310560,752,474,618,458
304,434650,706,590,438,456
305,393430,430,21,11,9
306,71270,595,528,423,495
307,200710,1151,901,566,788
308,205100,933,555,478,569
309,349040,1288,661,445,644
310,300,626,454,396,477
311,213670,967,326,265,394
312,50130,739,472,480,546
313,334230,847,992,741,1251
314,319630,1204,769,454,624
315,245620,693,680,463,322
316,204880,710,924,936,715
317,449540,141,36,6,4
318,451340,831,517,444,486
319,80,763,554,430,571
320,288390,505,435,375,452
321,376210,661,966,2789,4107
322,488790,1235,377,433,470
323,542650,26,4,0,0
324,22490,550,552,482,556
325,429660,843,516,306,282
326,35450,678,518,370,349
327,313160,663,386,221,207
328,455940,1,0,1,0
329,447820,1087,561,216,156
330,286690,558,502,411,433
331,607890,456,253,173,190
332,251060,670,685,685,793
333,375450,553,437,360,454
334,657200,1476,276,189,237
335,304030,708,455,320,226
336,311690,1001,1860,2224,1665
337,47410,658,553,503,536
338,42710,516,403,333,332
339,592600,721,568,14,3
340,24200,532,517,440,567
341,627270,844,394,206,244
342,236110,688,643,529,655
343,438020,86,109,56,135
344,1250,722,500,341,377
345,207890,539,448,335,383
346,365670,658,888,928,2147
347,307780,745,701,700,358
348,42680,590,448,415,412
349,108600,686,754,936,1165
350,454180,78,2,0,0
351,454150,67,5,3,1
352,564710,681,424,274,278
353,361420,2317,1079,2186,2445
354,285190,568,255,145,171
355,10180,600,482,469,475
356,113200,545,332,249,261
357,287390,517,494,429,413
358,581690,0,1,0,1
359,363890,890,899,936,1122
360,357290,22,14,4,1
361,204360,1238,576,514,685
362,374040,552,548,471,580
363,269950,589,741,1214,1978
364,217490,450,428,790,325
365,465650,658,299,71,36
366,641990,728,358,385,516
367,557400,680,424,150,81
368,537180,749,671,659,801
369,215080,526,518,355,513
370,289130,569,582,557,527
371,504730,491,416,311,62
372,42750,258,295,99,42
373,302830,458,270,46,28
374,8870,661,612,539,698
375,204300,452,339,206,228
376,224260,570,472,326,456
377,706220,731,1339,1501,2644
378,212160,460,277,281,367
379,558990,469,108,65,105
380,3900,559,491,525,621
381,589290,325,211,170,343
382,502520,667,512,471,590
383,550470,480,305,256,459
384,609150,269,57,27,26
385,496460,588,306,223,205
386,32370,1355,401,461,589
387,466170,748,792,775,723
388,9450,530,595,655,788
389,203290,443,357,283,287
390,306020,651,360,221,202
391,287450,653,517,538,734
392,42960,560,642,729,911
393,610120,37,2,2,0
394,650500,293,89,53,38
395,236690,424,414,373,580
396,439350,588,316,276,836
397,434170,404,199,229,630
398,370240,525,267,137,110
399,427270,300,209,18,7
400,2870,269,129,45,43
401,446150,429,282,124,152
402,234630,500,325,221,164
403,249130,486,333,232,268
404,685310,674,350,148,91
405,226860,575,457,454,436
406,236430,529,355,269,287
407,47810,556,467,388,555
408,200260,564,445,384,448
409,238090,532,331,280,300
410,228280,571,487,549,733
411,285920,524,527,523,772
412,210770,290,82,44,54
413,268420,573,404,287,407
414,400,1041,428,406,554
415,368070,434,342,373,454
416,331470,392,429,363,420
417,495910,687,591,401,432
418,312530,599,405,284,343
419,238460,726,341,249,457
420,311310,412,384,555,811
421,321040,387,243,170,162
422,365960,359,387,451,592
423,581600,69,0,0,0
424,722060,344,181,160,223
425,365360,534,543,939,901
426,292730,399,275,171,162
427,70,689,409,446,989
428,212910,406,344,353,591
429,388660,5,5,0,0
430,368500,519,430,395,560
431,24960,546,399,238,231
432,389300,340,348,235,99
433,225260,348,91,44,47
434,211500,366,292,344,561
435,40970,546,493,646,852
436,237310,593,373,351,473
437,33230,544,399,342,555
438,333950,534,234,148,101
439,541180,361,86,5,5
440,289650,565,426,420,740
441,555830,27,4,0,0
442,474960,633,170,95,125
443,391040,315,165,71,62
444,215280,602,346,156,162
445,33350,393,374,412,350
446,666220,281,88,40,59
447,404730,340,254,224,289
448,545580,37,3,0,0
449,246620,685,481,417,1248
450,42700,430,391,367,503
451,332310,422,245,165,163
452,212070,532,342,266,264
453,366220,400,293,250,224
454,282440,383,315,269,340
455,299360,400,224,82,64
456,431560,63,3,9,6
457,22370,396,398,265,292
458,500,643,414,392,493
459,248390,700,393,407,444
460,619730,34,11,8,12
461,344760,397,148,70,56
462,371660,455,378,413,536
463,203140,532,374,270,280
464,562730,286,1,1,0
465,39120,424,410,247,298
466,571740,415,312,369,587
467,619330,44,4,0,0
468,212200,594,429,417,450
469,482750,357,227,99,82
470,355840,353,307,330,271
471,554620,1780,373,160,179
472,526290,2,11,1,0
473,672680,425,235,201,274
474,274190,592,338,263,291
475,624140,365,148,6,1
476,9420,437,395,451,523
477,636480,518,545,569,769
478,268400,424,404,410,422
479,110800,758,258,180,292
480,412290,75,18,2,35
481,221040,530,371,429,606
482,48720,439,340,300,317
483,414070,48,5,9,6
484,232890,441,314,342,452
485,39140,515,417,395,823
486,11020,296,227,191,354
487,388080,523,519,482,520
488,22320,395,378,358,482
489,647830,391,222,155,185
490,421020,375,278,224,246
491,3590,544,598,815,2918
492,460920,572,257,185,168
493,678800,359,181,142,162
494,463530,256,72,114,195
495,359870,676,558,451,750
496,420360,12,1,0,0
497,209000,401,329,284,311
498,578310,404,355,184,146
499,223830,223,115,86,87
500,322110,82,53,32,29
501,345350,81,63,52,73
502,323580,77,31,15,13
503,280,82,49,58,102
504,326410,73,37,24,24
505,17440,71,54,46,50
506,253900,103,98,101,100
507,533340,2,2,1,0
508,271360,63,43,40,50
509,551670,1,1,6,49
510,592490,1,1,5,0
511,721030,49,15,11,16
512,311340,105,68,57,85
513,449140,46,31,19,22
514,15210,61,63,71,96
515,514900,57,28,41,26
516,271290,55,2,1,1
517,319510,68,45,42,74
518,233250,44,29,17,15
519,681840,38,29,30,66
520,552620,39,97,367,318
521,1900,64,130,105,114
522,286000,87,53,20,20
523,466860,52,50,20,15
524,420440,61,57,61,65
525,389280,59,30,11,10
526,650760,55,54,40,87
527,491260,21,7,1,0
528,513570,9,2,2,10
529,235900,71,77,77,107
530,293760,64,148,260,326
531,238430,73,36,22,35
532,567780,0,0,0,0
533,402220,42,4,1,0
534,354920,16,2,0,0
535,397350,72,63,76,105
536,41500,71,57,40,59
537,463680,41,12,7,0
538,566050,62,65,77,115
539,375530,44,108,58,55
540,473470,19,21,2,17
541,611790,189,183,212,204
542,333640,68,67,67,80
543,231350,56,50,111,131
544,313010,71,57,48,47
545,268870,63,150,37,36
546,288160,86,47,43,54
547,282560,59,38,29,38
548,467520,68,92,64,38
549,394870,10,5,1,1
550,348250,96,70,69,50
551,554510,62,57,25,30
552,292140,65,57,52,83
553,466300,160,86,59,73
554,478980,62,42,49,66
555,233980,73,59,37,35
556,20540,64,51,53,69
557,322460,50,35,25,26
558,314970,52,44,32,39
559,465710,41,25,9,5
560,561610,51,34,14,10
561,458960,68,54,0,0
562,390100,67,66,53,52
563,261470,65,46,39,37
564,369140,59,60,78,95
565,280160,103,52,45,43
566,7830,54,48,35,37
567,215530,49,35,82,60
568,319910,41,26,24,34
569,448070,32,11,2,96
570,533180,35,5,0,0
571,113020,88,31,18,24
572,641780,58,39,67,113
573,290790,59,29,18,17
574,442780,44,13,8,9
575,8850,58,47,40,47
576,24670,71,62,69,74
577,21100,62,49,40,46
578,575550,50,28,11,9
579,599460,48,41,41,34
580,391720,981,290,91,81
581,301910,79,44,29,26
582,645260,57,51,39,42
583,740260,18,6,3,4
584,567250,26,3,4,4
585,382080,103,2,4,0
586,240320,43,42,27,28
587,407000,4,2,0,0
588,370540,65,56,58,63
589,233800,52,52,48,53
590,364420,78,52,30,27
591,359310,70,41,18,13
592,50650,52,53,25,19
593,214340,56,51,33,52
594,448470,68,12,2,12
595,298900,80,22,3,4
596,455980,56,88,59,71
597,232050,56,267,61,56
598,13520,60,58,48,71
599,261180,73,68,14,12
600,251290,76,58,55,108
601,15120,79,46,39,46
602,420530,97,69,41,57
603,203630,56,56,49,50
604,295550,65,51,35,44
605,317600,46,22,16,27
606,268750,63,38,27,26
607,487270,21,2,0,0
608,213850,65,64,40,39
609,335670,89,55,40,49
610,9010,56,37,45,62
611,576130,41,34,8,15
612,265210,85,21,17,17
613,263060,37,19,5,6
614,290930,46,37,39,104
615,307670,56,44,27,26
616,669580,31,9,1,0
617,270370,38,26,23,48
618,3170,40,39,36,47
619,528210,0,3,0,2
620,360830,54,60,31,31
621,13230,83,50,52,70
622,424280,59,41,28,32
623,223670,37,28,20,19
624,263540,63,59,52,58
625,304530,62,60,24,28
626,252870,59,41,47,66
627,305260,57,52,31,32
628,660160,44,40,46,46
629,310470,63,42,34,30
630,292180,44,27,15,12
631,249650,43,42,32,29
632,289930,46,33,38,35
633,331360,40,54,43,131
634,337150,48,46,42,44
635,667870,72,81,55,68
636,625140,65,49,8,0
637,296970,57,45,30,25
638,412740,72,32,10,5
639,545650,62,34,14,22
640,579950,59,25,7,3
641,58610,42,39,28,34
642,414740,54,17,5,3
643,228760,58,34,26,33
644,538590,18,9,2,0
645,457550,63,56,71,95
646,545110,50,30,15,14
647,61700,48,40,35,43
648,670880,0,0,0,0
649,712840,45,31,29,39
650,363360,62,44,26,22
651,420790,46,37,30,49
652,335620,54,103,94,83
653,368360,106,118,73,38
654,370730,45,43,45,60
655,570420,8,3,1,1
656,73010,40,28,25,23
657,204340,57,44,40,65
658,393080,47,45,59,66
659,201700,43,25,16,16
660,454510,72,54,20,12
661,523120,45,48,46,44
662,382900,64,53,48,81
663,239120,73,57,50,128
664,71250,55,45,56,92
665,63910,54,54,59,78
666,513620,17,3,0,4
667,22350,45,29,21,19
668,485980,45,34,34,38
669,252110,71,34,28,45
670,98800,57,43,38,39
671,505040,63,52,56,55
672,316790,61,34,23,29
673,555160,85,158,542,695
674,3720,61,46,56,112
675,253430,53,35,29,34
676,285010,13,27,4,4
677,238750,51,42,39,45
678,577230,106,90,106,99
679,546400,32,10,5,3
680,293780,64,31,27,36
681,321410,52,57,64,18
682,460120,68,54,36,27
683,15320,54,47,42,47
684,506610,55,28,21,33
685,404680,91,41,16,24
686,353270,63,61,42,34
687,436320,58,29,18,9
688,6800,58,50,47,90
689,745880,44,16,8,8
690,214420,41,27,8,8
691,551730,55,23,16,12
692,48210,58,45,23,16
693,383180,73,53,51,68
694,262940,29,18,13,17
695,503770,45,64,88,51
696,25000,83,56,38,38
697,550340,16,3,2,2
698,6910,63,56,61,98
699,460870,73,63,51,40
700,41010,58,45,38,56
701,485420,82,24,6,26
702,327140,70,61,50,28
703,224760,141,47,28,33
704,3480,66,60,64,92
705,315460,52,72,46,36
706,224500,54,43,33,27
707,233720,71,32,27,28
708,16450,47,40,38,47
709,8000,55,53,37,62
710,50620,55,80,43,34
711,203680,26,10,8,9
712,13260,25,23,21,37
713,452570,37,28,17,16
714,258030,26,3,0,0
715,224060,39,21,9,7
716,363090,53,46,53,91
717,580200,69,40,25,23
718,67370,45,185,45,46
719,562810,84,40,70,258
720,434030,42,30,33,40
721,337950,45,31,14,9
722,457710,20,18,1,1
723,263760,47,26,17,17
724,404540,34,9,5,4
725,583470,43,16,12,13
726,427720,48,20,8,32
727,15700,59,109,30,36
728,412050,32,14,4,1
729,703700,67,19,11,14
730,10270,42,41,42,50
731,388880,73,36,20,22
732,254300,30,56,59,2
733,528200,60,85,100,142
734,219830,45,36,55,51
735,206440,203,47,35,52
736,248860,57,39,36,62
737,65790,26,19,17,21
738,39190,50,47,50,69
739,569860,64,28,18,28
740,12150,35,29,30,44
741,25830,50,47,49,61
742,41000,54,36,29,50
743,397100,48,43,30,28
744,311770,43,30,26,47
745,468070,35,43,30,29
746,269330,8,1,2,1
747,260430,52,39,31,37
748,577940,69,42,25,51
749,327860,82,24,15,11
750,340000,16,3,3,2
751,251950,58,19,21,24
752,22130,43,50,54,64
753,92800,63,30,22,25
754,104900,49,31,14,14
755,237850,47,34,22,20
756,327090,32,22,19,17
757,394230,46,30,16,10
758,461880,40,7,2,13
759,603780,10,65,65,82
760,1200,27,20,20,19
761,368230,4455,162,73,67
762,595420,76,57,9,4
763,21000,53,41,46,63
764,236090,65,36,22,28
765,317360,37,31,16,20
766,282400,52,42,36,38
767,449800,75,25,13,11
768,11450,57,51,38,46
769,40700,84,35,29,37
770,517160,52,55,45,18
771,521150,58,47,45,46
772,24840,49,41,38,60
773,580420,17,2,0,0
774,430440,3,0,0,0
775,625950,2,2,0,12
776,57730,44,39,43,51
777,384740,1,3,1,0
778,425580,70,37,34,41
779,527100,95,36,29,36
780,205990,39,37,35,34
781,298030,49,57,66,97
782,500710,112,52,61,45
783,259020,36,17,0,0
784,492130,8,2,7,18
785,421050,33,28,24,31
786,312750,68,57,49,71
787,464060,164,68,30,28
788,527270,53,35,32,52
789,453090,31,83,233,153
790,435400,73,45,27,34
791,13210,61,33,27,31
792,542480,38,27,18,24
793,232010,60,33,24,21
794,2810,23,17,14,14
795,338180,29,3,1,2
796,454080,24,1,0,0
797,70400,76,46,39,38
798,33340,67,56,62,43
799,235800,65,33,22,25
800,7760,44,38,36,48
801,243950,30,14,13,11
802,239840,62,39,32,26
803,308040,55,12,3,3
804,629690,23,8,6,6
805,322520,61,38,33,35
806,313780,12,7,5,5
807,522470,23,15,18,49
808,228300,46,38,30,33
809,385730,39,27,17,19
810,235320,23,20,19,23
811,350110,38,25,20,25
812,449630,0,10,48,39
813,507300,32,24,19,25
814,234710,64,49,31,33
815,231060,54,38,20,31
816,639790,61,35,11,7
817,32500,120,30,33,33
818,345240,43,37,49,67
819,317820,52,29,18,16
820,312280,40,32,25,42
821,681820,34,29,39,87
822,311260,35,29,74,113
823,501800,0,3,2,0
824,504210,81,54,39,60
825,682130,61,106,144,213
826,247020,67,34,24,30
827,339340,57,51,53,108
828,416270,0,10,34,52
829,322920,34,20,11,11
830,287260,29,7,4,8
831,335360,0,0,0,0
832,46500,46,25,21,30
833,445880,0,0,0,0
834,384190,63,30,23,25
835,375950,43,31,21,32
836,221540,49,42,39,47
837,324510,40,127,126,116
838,385380,46,32,29,22
839,57900,43,34,31,34
840,467000,30,15,3,21
841,448500,1,2,0,0
842,441550,81,41,46,59
843,274900,49,22,13,11
844,423230,64,69,41,46
845,256290,69,44,29,32
846,296470,55,17,14,20
847,236150,45,31,20,17
848,343780,47,38,47,52
849,2100,66,47,46,55
850,213120,32,24,17,15
851,8600,40,26,19,21
852,299460,38,8,9,10
853,70600,44,36,34,53
854,417860,35,18,13,15
855,224480,61,30,38,27
856,216890,42,32,25,29
857,39200,43,40,40,56
858,216260,45,28,23,16
859,425220,59,33,20,17
860,292910,31,50,197,90
861,581620,111,57,20,14
862,220740,31,27,18,26
863,244730,5,2,2,2
864,215100,42,39,30,55
865,362680,68,41,42,42
866,328080,159,151,228,149
867,370360,58,34,26,24
868,12250,50,34,19,15
869,446020,59,80,56,38
870,314410,64,53,28,24
871,9340,41,35,33,44
872,237870,50,43,30,30
873,301320,46,55,61,78
874,340050,32,22,14,11
875,448080,45,15,15,37
876,323220,42,89,63,65
877,583010,62,69,77,91
878,2620,41,33,41,55
879,252410,63,21,14,12
880,231160,23,10,8,6
881,32360,46,36,32,49
882,486780,46,32,27,12
883,561600,47,23,11,10
884,314790,27,13,7,6
885,474050,2,1,0,0
886,362490,32,49,51,161
887,368340,119,236,209,140
888,107200,36,23,23,21
889,394760,31,20,16,11
890,254100,60,50,33,39
891,312520,65,35,40,54
892,460810,77,30,27,22
893,593030,35,40,40,46
894,555220,43,34,33,16
895,130,54,33,42,81
896,19930,41,32,16,14
897,512770,15,1,0,0
898,424030,18,35,117,186
899,504880,27,2,1,15
900,407330,56,28,18,30
901,21090,53,44,44,54
902,222440,42,38,45,63
903,225080,42,33,18,25
904,591370,34,69,78,51
905,570770,33,23,26,67
906,639170,150,27,10,5
907,323610,49,33,25,21
908,221260,39,23,22,31
909,12320,46,46,47,64
910,527290,40,23,19,19
911,657860,28,5,0,0
912,407190,27,20,13,12
913,319730,55,54,26,12
914,272230,23,15,24,57
915,385800,72,38,22,38
916,202200,42,65,37,39
917,300570,49,27,25,20
918,718650,23,14,29,37
919,378200,31,27,16,15
920,39160,35,34,31,33
921,227180,28,20,15,15
922,224540,26,8,1,1
923,336510,28,2,0,0
924,57640,22,14,15,26
925,618970,22,7,5,7
926,429280,11,10,0,1
927,345390,40,29,21,30
928,477980,24,4,4,4
929,45770,40,24,20,25
930,39000,21,15,7,7
931,405640,60,20,12,12
932,665180,48,34,30,46
933,494670,45,12,7,9
934,416450,33,26,21,25
935,303720,4,5,1,2
936,265610,49,34,17,17
937,354850,0,19,48,49
938,497180,40,37,31,32
939,95400,50,29,20,33
940,2800,18,11,10,13
941,735280,33,33,34,54
942,338170,25,16,10,11
943,314520,31,25,8,10
944,368590,280,9,1,1
945,356570,52,40,29,48
946,2760,41,36,28,31
947,357190,67,36,45,70
948,239250,38,37,24,27
949,323910,43,29,26,28
950,455130,43,34,36,59
951,501690,0,9,46,40
952,581630,35,23,16,15
953,559500,0,11,43,28
954,365300,29,18,7,8
955,475190,16,4,3,3
956,482770,29,7,1,0
957,418250,32,14,11,11
958,241260,44,29,37,57
959,24870,41,25,24,31
960,574620,11,12,9,0
961,513510,26,20,29,19
962,351710,42,49,35,28
963,72200,40,41,32,27
964,357780,22,6,3,3
965,382490,27,26,12,26
966,607880,41,18,10,10
967,8140,39,35,27,41
968,251110,17,13,12,13
969,444490,93,20,2,71
970,528510,13,7,1,27
971,485950,19,11,2,1
972,347560,11,9,1,61
973,506670,11,2,7,8
974,485830,4,1,5,0
975,465760,11,2,1,0
976,19680,31,23,16,17
977,7510,75,94,75,81
978,475220,22,4,1,0
979,222730,39,38,21,26
980,249590,28,9,4,3
981,511800,28,24,4,3
982,208520,35,28,28,29
983,552920,37,42,40,54
984,278890,28,25,11,14
985,344880,1,0,0,0
986,546200,4,7,1,1
987,447880,0,9,24,8
988,333300,46,38,31,35
989,614910,45,45,48,26
990,464850,34,15,10,5
991,113420,44,40,23,1
992,443940,44,10,24,14
993,639780,38,15,4,3
994,424370,55,112,172,6276
995,561340,19,1,0,0
996,681810,20,11,8,16
997,233290,39,39,43,39
998,314660,32,17,13,13
999,619520,32,13,23,36
1000,562010,71,65,49,61
1001,623550,3,5,0,0
1002,410380,84,78,24,25
1003,410900,160,209,282,333
1004,40390,68,76,66,73
1005,483770,41,19,17,22
1006,429790,193,191,229,368
1007,746910,49,13,4,4
1008,467120,2,9,0,0
1009,527230,244,530,585,1194
1010,254200,88,144,75,68
1011,418030,103,161,205,375
1012,504050,121,90,64,44
1013,217200,118,111,107,201
1014,313340,118,132,100,93
1015,63950,13,5,3,2
1016,496680,23,8,4,4
1017,546660,68,10,5,67
1018,338530,18,5,3,5
1019,563120,18,22,3,10
1020,40300,81,88,89,101
1021,414290,47,45,20,35
1022,640100,0,0,0,0
1023,71340,94,71,70,169
1024,635200,25,16,14,12
1025,40800,160,97,63,68
1026,445310,98,117,129,170
1027,463220,20,19,3,30
1028,293180,63,9,2,96
1029,382110,122,130,122,123
1030,595340,27,12,3,17
1031,331790,11,25,5,70
1032,454910,86,69,36,62
1033,410340,78,105,119,168
1034,606800,129,138,147,170
1035,7520,58,77,110,131
1036,285160,88,132,117,115
1037,262150,3,5,1,2
1038,265550,130,107,94,141
1039,581030,3,7,2,5
1040,438030,18,23,3,42
1041,47780,101,100,92,114
1042,428630,5,5,4,0
1043,465240,61,84,69,36
1044,464340,82,50,34,46
1045,440650,89,115,101,88
1046,616560,143,111,107,115
1047,242700,98,72,48,292
1048,469730,9,7,1,10
1049,223850,149,174,303,342
1050,302510,97,111,68,88
1051,604500,103,82,75,114
1052,356500,143,95,101,141
1053,223710,80,93,88,138
1054,212480,130,83,63,85
1055,434570,67,61,42,53
1056,507390,14,3,2,2
1057,585900,74,42,39,54
1058,218680,115,102,83,66
1059,377530,130,153,117,205
1060,35700,66,55,49,75
1061,575840,16,3,1,4
1062,3990,98,127,136,164
1063,266510,84,49,35,26
1064,209870,92,107,13,1
1065,214170,54,44,42,47
1066,400740,4,6,3,0
1067,393530,105,112,64,74
1068,452060,90,49,51,57
1069,312990,80,71,44,49
1070,471010,24,26,27,19
1071,265300,93,115,78,66
1072,640590,79,45,34,240
1073,17470,93,88,88,130
1074,448280,140,115,137,86
1075,384180,80,96,133,193
1076,290730,84,111,97,105
1077,261030,115,86,25,78
1078,216250,69,75,47,43
1079,259080,114,84,62,52
1080,607200,60,61,22,1
1081,554530,81,28,5,3
1082,407530,84,49,26,41
1083,419480,132,121,74,44
1084,598330,158,172,170,173
1085,564530,78,108,117,198
1086,571260,91,99,71,78
1087,235400,77,104,90,81
1088,289520,67,88,88,90
1089,495780,4,2,2,0
1090,3920,103,107,107,145
1091,237110,77,94,130,90
1092,525300,21,14,4,2
1093,367670,97,114,109,130
1094,15100,105,88,70,122
1095,43110,58,208,133,74
1096,619080,9,119,0,0
1097,574070,28,9,6,6
1098,4850,67,76,78,111
1099,462770,183,65,32,36
1100,717790,43,22,18,11
1101,412830,142,125,86,120
1102,209080,119,256,35,28
1103,200170,127,92,77,126
1104,32800,159,73,39,37
1105,343360,33,28,6,138
1106,596690,25,5,16,20
1107,535230,122,89,70,60
1108,383870,161,88,59,87
1109,363680,117,125,67,53
1110,284950,34,17,6,7
1111,298240,94,50,25,20
1112,267530,90,64,52,48
1113,263500,95,63,14,1
1114,228380,185,379,471,776
1115,457590,135,40,19,22
1116,287920,115,91,59,44
1117,252610,159,103,72,63
1118,327690,103,42,1,1
1119,337320,119,89,111,212
1120,266410,61,63,78,138
1121,562080,86,26,10,4
1122,493730,14,9,7,12
1123,565860,5,5,8,1
1124,34460,116,101,92,74
1125,248170,126,119,109,131
1126,225640,93,80,70,81
1127,108800,106,86,62,99
1128,447530,360,135,144,193
1129,536220,155,80,16,60
1130,329000,160,33,11,136
1131,208090,64,39,1,1
1132,509110,6,3,1,25
1133,405900,129,91,63,72
1134,213610,112,101,111,182
1135,617830,190,105,133,111
1136,510510,91,53,20,24
1137,323850,302,120,112,151
1138,511680,138,63,40,21
1139,9930,103,46,25,21
1140,287680,84,57,35,34
1141,547680,125,83,33,22
1142,329050,247,166,138,109
1143,667600,61,22,17,27
1144,621880,106,71,36,15
1145,226580,76,53,43,44
1146,43160,90,74,59,39
1147,251150,134,83,83,157
1148,287980,194,155,98,112
1149,281640,94,83,56,70
1150,597220,232,106,85,77
1151,665360,157,67,32,34
1152,274520,89,71,62,86
1153,507490,99,79,70,139
1154,24240,117,77,40,42
1155,28050,84,80,61,68
1156,282900,161,151,99,80
1157,524580,112,55,30,23
1158,553640,74,38,17,21
1159,356040,152,109,81,74
1160,7600,109,85,90,101
1161,410110,35,80,13,7
1162,482850,82,58,23,17
1163,654880,144,67,51,34
1164,474750,88,49,29,28
1165,533780,67,56,26,28
1166,433350,84,56,36,34
1167,285330,118,128,146,227
1168,471550,46,61,66,78
1169,393100,83,58,50,34
1170,241540,89,74,33,23
1171,40990,62,47,58,97
1172,375010,14,7,8,2
1173,258010,3,2,1,1
1174,108710,84,92,84,155
1175,602940,9,3,0,0
1176,581670,5,4,3,12
1177,257850,145,93,46,59
1178,614860,102,30,0,0
1179,526160,164,62,63,64
1180,48000,167,82,69,72
1181,439700,74,62,5,4
1182,341000,102,80,55,51
1183,351510,78,35,36,136
1184,459220,207,132,112,141
1185,315660,145,123,119,142
1186,467370,22,8,1,0
1187,4560,100,83,82,109
1188,457330,86,69,34,35
1189,10680,111,90,62,85
1190,391460,81,77,49,40
1191,25900,97,92,81,99
1192,372360,107,82,66,79
1193,467960,69,85,59,68
1194,597170,115,110,175,241
1195,292990,87,74,61,72
1196,630,66,53,49,55
1197,425160,0,0,0,1
1198,588220,130,71,22,14
1199,250320,134,73,46,67
1200,7670,90,75,68,92
1201,281610,102,60,75,88
1202,214510,112,132,143,140
1203,562430,18,10,3,12
1204,257170,99,55,45,55
1205,243970,90,73,54,60
1206,304430,293,95,79,78
1207,282140,135,101,74,112
1208,723790,63,23,13,14
1209,433530,105,48,46,60
1210,217750,79,96,69,83
1211,443810,137,164,85,98
1212,501300,106,38,31,37
1213,593280,158,34,55,39
1214,399000,21,3,1,0
1215,7620,105,85,87,101
1216,330830,112,65,58,21
1217,402430,110,65,23,19
1218,215830,1087,729,313,195
1219,204030,125,77,72,81
1220,357900,25,5,1,7
1221,251730,80,51,46,61
1222,503560,98,85,157,153
1223,317470,87,75,56,71
1224,342310,25,6,7,6
1225,25800,86,92,77,81
1226,208200,94,73,73,100
1227,683900,80,115,161,319
1228,649900,71,28,16,13
1229,252470,129,48,36,41
1230,423580,119,133,114,108
1231,238370,98,137,109,135
1232,424840,116,111,102,140
1233,115320,94,84,70,84
1234,259680,134,143,136,167
1235,237990,136,117,92,118
1236,659460,4,2,3,0
1237,410980,91,89,103,129
1238,476460,86,65,55,67
1239,327070,88,171,321,314
1240,17300,111,74,53,84
1241,207170,58,35,30,41
1242,564230,179,123,122,153
1243,748370,43,28,15,9
1244,3330,102,124,169,250
1245,258970,108,77,59,69
1246,32430,247,58,77,84
1247,581130,104,109,70,71
1248,592260,90,125,183,282
1249,19900,94,114,77,118
1250,354290,83,74,68,111
1251,339280,69,32,1,1
1252,386620,107,81,53,58
1253,597840,70,72,50,49
1254,345260,83,83,105,142
1255,507400,20,4,1,8
1256,610670,37,6,2,1
1257,539440,20,3,7,1
1258,235460,128,86,89,130
1259,398850,66,28,19,18
1260,376870,137,57,23,17
1261,757570,27,4,1,1
1262,697610,88,56,31,30
1263,438140,84,90,77,83
1264,250760,124,98,132,145
1265,314980,95,94,87,95
1266,12200,136,105,90,126
1267,317400,87,59,51,110
1268,510630,71,4,0,0
1269,303390,74,50,4,226
1270,463100,31,5,1,4
1271,406290,94,78,74,132
1272,107100,130,111,59,73
1273,322190,104,48,32,27
1274,400910,117,76,82,71
1275,222480,96,79,85,109
1276,240760,69,40,26,32
1277,568770,87,53,30,59
1278,34270,106,108,81,120
1279,451130,65,60,9,6
1280,2600,98,87,125,120
1281,619310,80,37,14,16
1282,224900,32,112,95,84
1283,269470,96,102,113,138
1284,475550,149,127,103,105
1285,345180,109,72,45,43
1286,619340,2,5,0,1
1287,354830,56,27,22,16
1288,259060,79,38,22,18
1289,582550,92,48,36,37
1290,245470,104,79,60,66
1291,502370,73,66,48,53
1292,222750,75,63,48,48
1293,619910,100,65,33,27
1294,624910,59,10,0,1
1295,495280,91,73,36,41
1296,206210,62,46,18,21
1297,17520,117,68,60,104
1298,304240,95,96,111,191
1299,453980,12,1,8,2
1300,215930,54,144,120,137
1301,18500,91,77,71,77
1302,321400,55,39,52,24
1303,306760,73,38,27,35
1304,6860,104,85,77,91
1305,380840,51,36,36,61
1306,632300,81,19,31,43
1307,423710,49,21,3,40
1308,322780,56,273,101,0
1309,510660,82,72,77,109
1310,484900,66,35,28,50
1311,466910,63,38,21,28
1312,7200,68,56,51,76
1313,437920,105,121,126,161
1314,318020,60,49,38,46
1315,620130,1,1,0,0
1316,464350,82,70,63,77
1317,17430,81,71,63,118
1318,381990,91,55,35,45
1319,509240,11,1,8,4
1320,502800,121,54,50,37
1321,522230,68,89,88,76
1322,621830,96,57,77,87
1323,250340,80,47,33,36
1324,23310,101,87,44,46
1325,220260,76,69,47,43
1326,468920,34,47,66,79
1327,233840,43,35,26,36
1328,633880,18,7,9,14
1329,221910,159,75,64,89
1330,349720,84,66,54,167
1331,300080,82,72,42,53
1332,452230,71,58,25,18
1333,248610,124,122,63,70
1334,40980,66,60,67,89
1335,235380,74,53,45,53
1336,528740,79,81,104,124
1337,575720,100,163,153,191
1338,598960,132,62,70,65
1339,533150,11,4,5,0
1340,400170,77,53,60,64
1341,427730,88,42,36,57
1342,204450,132,79,52,51
1343,543460,70,83,44,63
1344,542340,11,7,7,6
1345,253490,100,87,119,161
1346,365450,89,472,343,444
1347,55140,78,45,36,41
1348,741260,25,32,10,16
1349,442120,106,73,101,151
1350,383800,0,0,0,0
1351,344230,31,4,2,1
1352,426000,123,82,63,64
1353,57300,93,141,73,96
1354,250400,94,78,43,36
1355,457730,88,40,29,11
1356,547960,20,9,1,9
1357,385070,11,26,9,106
1358,552590,79,18,8,7
1359,234670,86,58,44,62
1360,205610,57,58,73,86
1361,1930,76,157,124,140
1362,491650,17,16,3,17
1363,304410,93,84,75,81
1364,34440,71,53,47,42
1365,361280,171,184,185,425
1366,571310,169,43,25,23
1367,449680,47,45,14,19
1368,564310,71,58,48,77
1369,12750,63,38,29,27
1370,218640,35,26,17,19
1371,441960,66,51,43,65
1372,206190,46,16,12,11
1373,579230,19,6,0,0
1374,458710,130,116,75,113
1375,291860,165,153,64,56
1376,345090,42,17,11,13
1377,414700,104,100,99,140
1378,100,96,59,50,59
1379,622920,4,1,0,0
1380,650000,23,8,7,5
1381,377310,17,13,1,27
1382,6000,163,59,58,67
1383,4570,99,93,89,118
1384,735570,36,8,5,3
1385,264200,106,56,34,22
1386,498240,101,55,31,47
1387,9350,76,68,76,88
1388,204120,67,64,58,91
1389,225420,70,60,45,40
1390,329130,109,73,51,48
1391,732430,111,43,26,30
1392,20500,83,52,19,16
1393,602520,95,54,38,53
1394,609940,80,56,19,14
1395,418650,92,59,45,23
1396,406150,26,10,9,8
1397,32510,130,57,63,138
1398,57740,76,64,50,49
1399,47400,71,44,37,37
1400,467010,19,23,4,19
1401,246420,95,81,70,114
1402,20570,62,64,61,76
1403,378370,54,37,18,18
1404,1280,36,30,35,46
1405,214560,116,62,16,16
1406,431180,70,58,42,33
1407,675260,89,92,34,51
1408,202170,71,60,41,42
1409,286570,50,480,90,84
1410,404590,74,49,43,36
1411,581100,15,5,4,1
1412,397950,95,49,40,53
1413,596650,75,50,30,20
1414,648430,58,31,4,0
1415,394310,74,75,54,69
1416,16700,70,64,80,99
1417,65540,61,60,82,111
1418,324270,0,0,0,0
1419,423770,1,0,0,0
1420,250520,77,49,171,170
1421,330840,71,40,17,10
1422,17410,105,75,60,172
1423,570780,52,37,59,180
1424,20,66,60,60,85
1425,585410,99,124,161,238
1426,325600,188,25,10,11
1427,237930,101,66,40,49
1428,50,86,67,77,161
1429,527430,50,570,369,538
1430,442070,86,32,31,286
1431,568810,22,1,0,0
1432,492090,55,46,38,51
1433,55150,83,250,133,138
1434,578620,127,104,105,75
1435,45740,80,50,40,47
1436,7610,69,54,53,62
1437,12810,63,63,48,61
1438,2990,72,59,63,84
1439,574810,10,2,4,13
1440,507360,29,7,0,0
1441,470220,136,176,349,801
1442,269770,78,71,53,77
1443,255480,82,68,47,49
1444,367540,76,54,42,38
1445,388750,75,28,15,14
1446,346120,57,41,22,25
1447,363930,45,34,20,40
1448,435030,62,56,40,53
1449,350640,80,45,45,125
1450,658980,55,10,2,3
1451,608560,28,9,14,20
1452,228260,73,65,58,51
1453,238260,80,67,40,43
1454,392950,68,56,36,42
1455,3620,75,82,92,119
1456,637100,101,29,23,29
1457,327400,63,71,85,104
1458,694130,60,47,30,52
1459,244030,34,20,20,14
1460,245490,57,41,25,19
1461,517790,64,67,80,141
1462,311730,83,67,49,45
1463,410590,0,12,28,31
1464,213330,56,47,42,53
1465,300790,33,49,59,99
1466,547900,75,70,63,78
1467,234080,60,54,36,41
1468,50300,92,261,90,97
1469,559650,97,90,114,219
1470,333600,113,61,56,92
1471,34830,61,50,49,47
1472,715310,61,39,25,34
1473,22600,71,48,36,67
1474,438490,98,82,53,36
1475,588210,88,88,56,35
1476,422900,71,54,61,66
1477,561590,79,47,15,12
1478,6030,139,42,49,48
1479,418340,95,58,25,20
1480,239070,81,44,26,27
1481,578260,15,2,4,23
1482,218510,58,73,47,51
1483,12100,82,78,80,118
1484,288140,68,70,61,52
1485,300380,87,66,51,75
1486,435440,64,50,35,33
1487,332070,58,60,59,57
1488,12140,48,40,35,50
1489,17570,49,46,29,27
1490,206500,44,131,41,39
1491,421040,76,42,25,20
1492,486310,77,78,25,28
1493,384490,85,23,14,14
1494,242550,74,59,52,71
1495,381640,35,22,18,32
1496,604160,18,13,7,11
1497,351940,192,119,82,70
1498,244770,71,47,26,22
1499,314150,1,1,1,2
1500,525920,304,398,147,90
1501,298050,378,359,322,425
1502,8190,436,348,282,291
1503,24780,425,381,366,473
1504,329430,551,279,170,219
1505,565380,31,0,0,0
1506,558100,349,205,53,18
1507,366440,25,40,8,1
1508,418240,395,273,270,561
1509,600750,455,364,292,297
1510,231120,315,234,196,253
1511,238010,342,353,280,364
1512,207140,370,255,162,332
1513,459510,0,81,27,50
1514,493900,343,311,348,240
1515,234330,489,435,349,378
1516,257350,389,392,427,611
1517,202970,334,245,194,213
1518,296870,82,32,6,1
1519,265630,299,250,149,190
1520,563560,260,205,154,325
1521,572410,353,278,175,116
1522,463110,31,3,1,2
1523,224580,279,153,88,89
1524,362960,414,321,194,192
1525,418370,986,304,286,528
1526,206480,286,261,254,458
1527,414340,355,171,141,222
1528,268050,328,172,139,170
1529,385770,403,335,228,258
1530,350080,298,153,154,145
1531,355180,298,120,47,50
1532,313120,316,308,349,618
1533,595280,426,183,86,59
1534,225840,316,275,244,401
1535,201310,289,225,141,146
1536,552700,195,118,73,69
1537,389570,348,195,83,86
1538,463710,19,3,5,2
1539,289950,310,193,137,146
1540,239350,446,322,246,328
1541,41700,346,283,257,275
1542,585790,39,16,25,1
1543,514660,23,4,1,3
1544,274920,381,548,753,1340
1545,526580,286,147,87,75
1546,614570,345,146,126,139
1547,239820,448,328,269,262
1548,320300,320,245,154,131
1549,39540,223,94,105,120
1550,509930,3,1,0,0
1551,312450,291,235,252,309
1552,436150,340,352,452,711
1553,307690,375,467,473,581
1554,207610,411,218,82,192
1555,99900,337,271,205,274
1556,274940,433,267,173,163
1557,249050,212,167,123,133
1558,403190,359,234,199,257
1559,409710,352,334,330,506
1560,410320,383,280,299,145
1561,552100,317,353,460,716
1562,242860,246,164,190,183
1563,24980,311,253,226,297
1564,224600,312,227,96,81
1565,448780,32,24,6,3
1566,690510,260,242,404,466
1567,2700,340,236,174,167
1568,610180,205,84,81,248
1569,102500,326,277,249,229
1570,664430,363,255,36,26
1571,480650,270,229,242,153
1572,636040,325,234,232,473
1573,268650,397,314,249,487
1574,209170,242,181,130,102
1575,387290,452,312,255,881
1576,285900,663,244,142,251
1577,238320,375,194,162,228
1578,611500,439,1577,645,586
1579,270150,196,110,103,135
1580,40100,273,288,294,318
1581,405310,235,168,128,140
1582,352400,247,196,134,166
1583,528300,1,1,0,0
1584,454690,29,8,9,2
1585,208480,327,255,141,84
1586,486150,30,30,5,18
1587,57690,304,265,237,200
1588,386070,348,276,262,259
1589,378540,182,170,130,99
1590,21690,415,293,325,515
1591,56400,277,306,291,348
1592,375910,422,245,208,171
1593,394510,398,263,210,199
1594,668630,210,147,89,152
1595,582500,193,87,68,127
1596,624220,0,194,51,28
1597,17460,321,255,237,310
1598,241560,290,244,63,43
1599,253940,22,67,44,59
1600,4500,301,245,242,288
1601,44350,230,134,656,246
1602,397060,256,239,86,69
1603,48240,283,237,207,168
1604,406090,37,15,26,45
1605,438640,314,118,87,141
1606,547040,85,2,0,0
1607,444460,7,11,1,77
1608,341380,1,0,0,0
1609,557780,288,205,183,129
1610,214490,289,199,160,518
1611,489520,231,290,1311,1218
1612,368900,0,30,52,49
1613,391660,13,29,11,101
1614,248820,381,272,195,126
1615,242680,269,218,157,199
1616,705220,292,439,212,149
1617,635260,386,233,188,335
1618,552110,238,178,29,3
1619,2820,171,121,90,96
1620,375960,238,170,94,78
1621,384480,0,0,0,0
1622,402570,221,171,38,1
1623,4920,219,194,204,184
1624,461910,243,152,11,0
1625,273350,246,174,25,24
1626,278080,296,250,223,374
1627,6020,538,178,165,201
1628,585560,29,5,1,1
1629,232910,179,413,387,380
1630,48190,285,217,195,317
1631,346940,203,139,109,116
1632,39150,358,334,289,193
1633,276810,248,198,162,194
1634,339800,513,280,214,245
1635,35140,293,230,225,269
1636,432150,0,23,35,48
1637,35720,177,119,92,126
1638,220700,289,270,224,238
1639,223100,806,168,81,79
1640,575570,97,12,1,0
1641,251040,230,558,619,249
1642,530700,204,103,56,58
1643,230290,289,212,277,276
1644,311560,317,234,173,252
1645,403560,11,9,1,18
1646,63380,232,170,119,103
1647,616360,35,12,22,36
1648,312060,242,224,339,317
1649,17480,322,273,273,418
1650,223750,310,327,582,1050
1651,456670,243,90,83,109
1652,462930,315,146,89,70
1653,48220,231,184,143,172
1654,704040,235,113,63,46
1655,448510,375,240,152,214
1656,644560,301,500,426,937
1657,505460,327,346,382,350
1658,544730,218,248,290,1560
1659,316390,217,198,130,1
1660,3830,140,71,55,62
1661,383980,246,227,172,414
1662,397460,204,80,76,254
1663,205710,207,234,251,315
1664,265930,275,177,120,146
1665,496690,32,3,0,0
1666,466580,109,7,0,0
1667,414530,264,229,149,189
1668,285310,236,235,239,341
1669,525480,178,105,78,79
1670,233860,273,1242,3977,3773
1671,431730,304,472,738,1336
1672,371460,14,11,1,1
1673,462030,8,7,12,0
1674,47870,299,234,171,186
1675,342970,160,5,1,4
1676,300550,185,131,97,105
1677,274170,380,268,204,217
1678,310380,193,162,11,6
1679,402710,385,130,55,44
1680,39500,178,171,190,235
1681,428690,251,166,143,152
1682,320,214,165,151,186
1683,568220,235,333,292,579
1684,413420,311,241,305,553
1685,25890,204,178,140,136
1686,321960,229,240,247,321
1687,436520,229,136,58,54
1688,575860,9,5,2,0
1689,513590,114,19,3,39
1690,301120,273,285,249,227
1691,288570,149,72,53,38
1692,326360,246,203,142,150
1693,527770,24,5,2,1
1694,357310,153,72,56,52
1695,386940,820,245,243,446
1696,362890,486,213,282,1095
1697,574640,63,32,1,0
1698,4580,222,239,232,295
1699,534500,186,7,1,1
1700,360170,220,154,90,80
1701,538680,276,183,125,212
1702,65800,217,199,242,298
1703,631530,13,14,23,35
1704,734580,128,74,20,16
1705,254700,281,263,289,564
1706,420,225,156,150,321
1707,257510,280,223,168,190
1708,20510,192,172,161,184
1709,24720,231,208,177,195
1710,321360,203,132,95,180
1711,290340,503,324,284,284
1712,91310,183,141,91,91
1713,555920,2,9,6,1
1714,282800,365,241,242,449
1715,218,182,349,4153,34272
1716,34220,151,144,118,145
1717,493490,185,160,195,282
1718,400040,203,259,396,632
1719,622650,197,233,77,80
1720,78000,254,263,276,328
1721,460790,280,173,174,107
1722,219780,154,80,63,64
1723,40950,249,189,213,253
1724,443110,147,112,122,191
1725,355790,117,75,41,50
1726,486480,16,6,1,2
1727,262410,192,155,121,169
1728,223470,333,234,246,274
1729,12110,229,210,218,363
1730,323470,254,104,57,54
1731,17450,194,178,150,197
1732,512020,24,10,1,0
1733,375230,154,129,71,59
1734,239030,344,309,316,318
1735,397340,225,169,150,191
1736,247080,322,228,206,184
1737,258700,167,202,9,1
1738,524660,189,230,280,337
1739,388410,217,336,199,192
1740,239160,168,161,142,184
1741,376570,150,115,0,0
1742,373930,180,194,217,265
1743,39550,90,36,35,39
1744,244160,228,170,187,210
1745,353640,102,37,35,26
1746,292120,303,235,219,356
1747,351970,208,122,82,85
1748,243470,225,181,350,283
1749,662320,357,65,0,0
1750,15620,192,192,181,232
1751,204100,227,209,182,237
1752,331670,181,63,53,180
1753,542550,11,3,0,0
1754,214850,196,163,101,90
1755,17500,133,102,45,49
1756,578330,146,119,133,204
1757,38400,183,180,117,156
1758,445190,173,119,64,73
1759,485390,42,7,6,1
1760,633460,102,51,84,67
1761,591960,172,123,100,110
1762,34870,165,122,117,104
1763,208140,191,150,308,168
1764,307960,150,161,196,297
1765,324080,138,141,120,95
1766,201790,208,156,127,174
1767,39680,186,145,120,94
1768,378720,187,170,97,67
1769,40960,170,143,192,253
1770,298630,217,119,85,79
1771,24790,218,204,201,292
1772,313690,185,126,85,108
1773,427100,166,115,117,158
1774,235600,222,155,110,127
1775,462780,201,293,150,143
1776,600600,52,0,0,0
1777,377840,300,220,173,289
1778,450540,135,120,193,239
1779,493840,121,24,15,17
1780,717640,82,20,9,10
1781,291410,168,139,61,11
1782,108200,174,162,159,439
1783,45760,249,168,142,160
1784,9200,174,183,142,81
1785,21970,142,128,115,120
1786,227320,196,199,157,133
1787,541210,178,143,117,128
1788,587260,124,34,46,34
1789,584400,190,149,105,140
1790,397580,1,0,0,0
1791,599100,5,1,8,4
1792,428950,16,10,1,11
1793,471710,203,188,221,405
1794,634160,137,55,40,38
1795,496300,840,261,139,111
1796,392780,1,0,0,0
1797,288470,220,141,133,216
1798,16810,171,146,148,189
1799,537800,302,143,94,97
1800,395380,102,4,1,0
1801,268130,277,115,76,60
1802,234650,136,189,84,84
1803,228180,206,198,241,395
1804,262280,163,80,60,55
1805,402170,8,1,0,0
1806,248570,154,112,104,120
1807,576050,12,1,0,0
1808,235340,157,141,115,100
1809,726390,153,70,35,38
1810,242640,109,63,36,83
1811,629030,23,0,0,0
1812,532030,3,5,3,2
1813,388440,2,1,0,0
1814,527800,1,0,0,1
1815,567640,375,217,233,443
1816,467390,2,1,0,0
1817,253250,173,351,305,245
1818,500940,1,1,1,0
1819,386700,1,0,0,0
1820,342180,210,164,154,108
1821,515690,10,4,0,23
1822,41070,202,155,121,198
1823,606050,4,3,0,13
1824,382850,137,51,1,1
1825,217980,183,119,129,159
1826,626010,201,66,17,19
1827,33910,96,55,37,35
1828,255220,144,91,82,113
1829,620940,1,1,0,0
1830,539450,16,3,1,0
1831,214730,136,119,118,150
1832,673610,194,150,191,333
1833,201230,146,149,131,172
1834,383080,198,167,112,130
1835,451020,564,241,107,128
1836,447990,1,0,0,0
1837,503820,57,26,5,19
1838,413410,341,205,302,493
1839,280220,178,260,265,298
1840,2630,135,114,134,206
1841,209160,129,89,78,76
1842,487120,201,107,122,145
1843,233130,173,94,55,69
1844,582430,89,17,17,59
1845,420290,227,180,80,234
1846,42910,217,134,92,122
1847,9880,161,165,132,141
1848,361800,142,83,25,29
1849,302670,155,237,288,263
1850,7940,261,172,153,162
1851,302590,121,93,34,46
1852,380,195,120,116,239
1853,415960,6,6,7,8
1854,360450,1,0,0,0
1855,520440,279,182,192,195
1856,32440,448,144,197,401
1857,461890,27,4,1,6
1858,252150,217,201,335,326
1859,586140,227,163,142,149
1860,33250,126,124,165,158
1861,253230,433,354,501,373
1862,396750,270,152,160,116
1863,244930,142,77,42,27
1864,383580,12,9,1,1
1865,250820,243,290,142,2
1866,208500,100,71,63,74
1867,601340,12,5,2,47
1868,390670,138,88,52,23
1869,324800,214,191,182,235
1870,245170,237,148,113,200
1871,606330,35,24,1,6
1872,247000,192,159,120,253
1873,354640,191,137,112,91
1874,241600,212,168,122,124
1875,589870,122,80,49,52
1876,412600,15,9,1,33
1877,287290,187,131,144,193
1878,331600,183,124,88,86
1879,619400,24,3,0,1
1880,38410,149,165,138,177
1881,448640,22,15,3,11
1882,591560,29,22,4,5
1883,481510,341,123,81,87
1884,519190,149,117,60,58
1885,210970,218,146,87,176
1886,261110,129,33,14,13
1887,201870,152,124,101,157
1888,253880,79,84,57,65
1889,39510,120,120,142,196
1890,491530,110,66,62,65
1891,296490,167,157,151,132
1892,366090,245,181,184,144
1893,644930,8445,3162,2711,2554
1894,448630,83,23,2,80
1895,450390,219,129,95,64
1896,219150,323,160,123,134
1897,261570,186,124,102,471
1898,222940,149,109,115,144
1899,293260,137,115,67,85
1900,246900,269,163,154,233
1901,332570,188,184,139,158
1902,591740,174,174,153,162
1903,629280,18,6,1,3
1904,705120,167,28,18,18
1905,369990,153,140,138,197
1906,249230,111,92,78,84
1907,230190,199,145,117,114
1908,351030,119,86,66,87
1909,376730,11,1,0,0
1910,535260,8,1,0,0
1911,24810,172,167,179,248
1912,341800,238,109,105,154
1913,655780,65,13,26,11
1914,732730,116,27,10,6
1915,530070,205,156,251,399
1916,322500,197,113,100,134
1917,12220,159,149,127,60
1918,10540,114,104,96,133
1919,512470,111,87,56,73
1920,509840,30,9,1,3
1921,528070,2,12,1,1
1922,493370,193,145,79,38
1923,271240,136,100,105,78
1924,515470,16,3,0,25
1925,745,146,133,128,184
1926,324310,121,72,45,29
1927,282350,171,125,84,69
1928,290300,179,113,80,54
1929,301640,251,133,122,103
1930,644570,105,72,58,38
1931,400250,197,28,15,29
1932,409720,150,147,146,222
1933,9480,166,120,93,112
1934,425340,0,0,0,0
1935,24740,159,100,71,67
1936,463210,29,23,3,29
1937,24800,156,145,153,219
1938,480430,61,24,16,25
1939,209660,95,68,43,31
1940,283640,332,188,135,176
1941,428900,29,9,2,0
1942,523150,5,7,2,3
1943,383150,200,183,209,239
1944,372800,152,118,75,100
1945,427490,46,11,7,6
1946,220440,356,150,104,83
1947,15370,150,151,161,224
1948,401870,108,86,60,57
1949,326160,133,175,106,93
1950,30,139,108,98,123
1951,22300,141,114,67,60
1952,431600,116,114,109,144
1953,223330,160,91,77,99
1954,272270,107,67,36,35
1955,327030,147,100,153,265
1956,438010,17,23,2,13
1957,294860,121,155,92,91
1958,444480,40,23,11,70
1959,263560,4,2,1,1
1960,596350,28,66,50,23
1961,296300,133,85,34,35
1962,404410,121,92,84,135
1963,304650,169,112,107,84
1964,230230,97,58,40,39
1965,570840,105,41,20,26
1966,496240,148,86,74,102
1967,730370,0,0,0,0
1968,412170,9,21,3,25
1969,11610,125,93,40,42
1970,330070,143,122,96,98
1971,544610,170,91,101,105
1972,512900,223,172,318,377
1973,362620,135,131,107,158
1974,15170,144,136,144,193
1975,408760,106,135,73,57
1976,518030,139,186,150,131
1977,102700,116,44,2,4
1978,477770,118,114,47,38
1979,658160,157,109,15,8
1980,321800,154,121,107,130
1981,22100,162,120,107,132
1982,21130,144,123,124,192
1983,203350,110,97,86,102
1984,628860,1,5,7,12
1985,252690,91,110,124,232
1986,367450,368,235,220,428
1987,73170,137,129,119,123
1988,311860,249,51,10,102
1989,482920,124,88,83,132
1990,568570,186,124,49,65
1991,562760,60,3,9,4
1992,394690,190,140,266,295
1993,64000,120,100,78,76
1994,227860,250,80,70,84
1995,34000,102,88,70,89
1996,202480,153,138,101,91
1997,429050,225,280,258,304
1998,209650,111,87,72,66
1999,304730,117,86,54,36
